<?xml version="1.0" encoding="iso-8859-1"?>
<UtilisateursEprofilea>
	<Enseignants name="Enseignant">
		<Enseignant login="Prof" pass="prof" memoriser="true"/>
		<Enseignant login="Marie" pass="Marie" memoriser="true"/></Enseignants>
	<Chercheurs name="Chercheur">
		<Chercheur login="Marie" pass="marie" memoriser="true"/>
		<Chercheur login="St�phanie" pass="stephanie" memoriser="false"/>
	</Chercheurs>
	<Institutions name="Institution">
		<Institution login="Fac" pass="fac" memoriser="false"/>
	</Institutions>
	<Familles name="Famille">
		<Famille login="Math�ossian" pass="a" memoriser="false" id="1"/>
		<Famille login="Lance" pass="a" memoriser="false" id="2"/>
		<Famille login="Renaud" pass="a" memoriser="false" id="3"/>
		<Famille login="Naville" pass="a" memoriser="false" id="4"/>
	</Familles>
	<Eleves name="Eleve">
		<Eleve login="Dimitri" pass="a" memoriser="true" idFamille="1"/>
		<Eleve login="Florian" pass="a" memoriser="true" idFamille="2"/>
		<Eleve login="Jean-Christophe" pass="a" memoriser="true" idFamille="3"/>
		<Eleve login="Vincent" pass="a" memoriser="true" idFamille="4"/>
	</Eleves>
</UtilisateursEprofilea>
