<?xml version="1.0" encoding="UTF-8"?>
<representations_evolutives>
  <echelle_numerique>
    <representation_textnum />
    <representation_graphique />
    <representation_symbolique>
      <representation id="NRS2" nom="deuxSmileys" echelle_id="0">
        <info createur="Prof" date_creation="05/03/2011" date_modification="05/03/2011" statut="public">
          <commentaires>sourire si progression ou stabilité,
grimace sinon</commentaires>
        </info>
        <intervalle borne_inf="0" borne_sup="20" id_image="smileys/smiley25.png" nb="1" taille="1" taille_max="1" col="def" />
        <intervalle borne_inf="-1" borne_sup="-20" id_image="smileys/smiley26.png" nb="1" taille="1" taille_max="1" col="def" />
      </representation>
    </representation_symbolique>
  </echelle_numerique>
  <echelle_textuelle>
    <representation_textnum />
    <representation_graphique />
    <representation_symbolique>
      <representation id="TRS16" nom="deuxSmileys" echelle_id="3">
        <info createur="Prof" date_creation="05/03/2011" date_modification="05/03/2011" statut="public">
          <commentaires />
        </info>
        <correspondance borne_inf="0" borne_sup="2" id_image="smileys/smiley25.png" nb="1" taille="1" taille_max="1" col="def" />
        <correspondance borne_inf="-1" borne_sup="-2" id_image="smileys/smiley26.png" nb="1" taille="1" taille_max="1" col="def" />
      </representation>
      <representation id="TRS001" nom="Smiley" echelle_id="4">
        <info createur="Prof" date_creation="15/03/2011" date_modification="15/03/2011" statut="public">
          <commentaires />
        </info>
        <correspondance />
        <correspondance borne_inf="0" borne_sup="1" id_image="smileys/smiley24.png" nb="1" taille="1" taille_max="1" col="def" />
        <correspondance borne_inf="1" borne_sup="1" id_image="smileys/smiley1.png" nb="1" taille="1" taille_max="1" col="def" />
      </representation>
      <representation id="TRS002" nom="Smiley" echelle_id="3">
        <info createur="Prof" date_creation="15/03/2011" date_modification="15/03/2011" statut="public">
          <commentaires>4 possibilités</commentaires>
        </info>
        <correspondance borne_inf="0" borne_sup="1" id_image="symboles/pouce3.png" nb="1" taille="1" taille_max="1" col="def" />
        <correspondance borne_inf="1" borne_sup="1" id_image="smileys/smiley2.png" nb="1" taille="1" taille_max="1" col="def" />
        <correspondance borne_inf="2" borne_sup="2" id_image="symboles/pouce3.png" nb="2" taille="1" taille_max="1" col="def" />
        <correspondance borne_inf="2" borne_sup="2" id_image="smileys/smiley29.png" nb="1" taille="1" taille_max="1" col="def" />
      </representation>
    </representation_symbolique>
  </echelle_textuelle>
  <composees>
    <representation id="GLO5" nom="BarresBleues" echelle_id="-1">
      <info createur="Prof" date_creation="07/04/2011" date_modification="07/04/2011" statut="public">
        <commentaires>barres bleues, cylindriques, 3D, verticales</commentaires>
      </info>
      <type type="DiagBarres" dim="3D" forme="cylindres" orientation="vertical" />
      <titres valeurs="Les valeurs" categories="Les matières" />
      <couleurs fond="java.awt.Color[r=255,g=255,b=204]" arriere="java.awt.Color[r=255,g=255,b=255]" points="java.awt.Color[r=192,g=192,b=192]" />
      <barres pref="oui">
        <barre0>java.awt.Color[r=0,g=102,b=204]</barre0>
      </barres>
      <polices titre="java.awt.Font[family=Arial,name=Arial,style=bold,size=18]" />
    </representation>
    <representation id="GLO6" nom="AireRose" echelle_id="-1">
      <info createur="Prof" date_creation="07/04/2011" date_modification="07/04/2011" statut="public">
        <commentaires>Aire rose</commentaires>
      </info>
      <type type="DiagAires" />
      <titres valeurs="Les notes" categories="Dates des évaluations" />
      <couleurs fond="java.awt.Color[r=255,g=255,b=255]" arriere="java.awt.Color[r=204,g=255,b=204]" points="java.awt.Color[r=192,g=192,b=192]" />
      <barres pref="oui">
        <barre0>java.awt.Color[r=255,g=0,b=102]</barre0>
      </barres>
      <polices titre="java.awt.Font[family=Arial,name=Arial,style=bold,size=18]" />
    </representation>
    <representation id="GLO7" nom="CourbeVerte" echelle_id="0">
      <info createur="Prof" date_creation="08/04/2011" date_modification="08/04/2011" statut="public">
        <commentaires>vert</commentaires>
      </info>
      <type type="Courbes" />
      <titres valeurs="Les notes" categories="Dates des évaluations" />
      <couleurs fond="java.awt.Color[r=255,g=255,b=255]" arriere="java.awt.Color[r=255,g=255,b=255]" points="java.awt.Color[r=192,g=192,b=192]" />
      <barres pref="oui">
        <barre0>java.awt.Color[r=0,g=204,b=0]</barre0>
      </barres>
      <polices titre="java.awt.Font[family=Arial,name=Arial,style=bold,size=18]" />
    </representation>
    <representation id="GLO13" nom="CourbesBleues" echelle_id="0">
      <info createur="Prof" date_creation="12/04/2011" date_modification="12/04/2011" statut="public">
        <commentaires />
      </info>
      <type type="Courbes" />
      <titres valeurs="Les notes" categories="Dates des évaluations" />
      <couleurs fond="java.awt.Color[r=204,g=255,b=255]" arriere="java.awt.Color[r=204,g=204,b=255]" points="java.awt.Color[r=0,g=0,b=153]" />
      <barres pref="non">
        <barre0>java.awt.Color[r=0,g=0,b=255]</barre0>
      </barres>
      <polices titre="java.awt.Font[family=Arial,name=Arial,style=bold,size=18]" />
    </representation>
  </composees>
</representations_evolutives>

