﻿<?xml version="1.0" encoding="UTF-8"?>
<representations>
  <VM>
    <representation id="GLO8" nom="pavesViolets" echelle_id="0">
      <info createur="Prof" date_creation="08/04/2011" date_modification="08/04/2011" statut="public">
        <commentaires>3D, pavés, violet, horizontal</commentaires>
      </info>
      <type type="DiagBarres" dim="3D" forme="paves" orientation="horizontal" />
      <titres valeurs="Les valeurs" categories="Les matières" />
      <couleurs fond="java.awt.Color[r=255,g=255,b=255]" arriere="java.awt.Color[r=255,g=255,b=255]" points="java.awt.Color[r=192,g=192,b=192]" />
      <barres pref="oui">
        <barre0>java.awt.Color[r=204,g=102,b=255]</barre0>
      </barres>
      <polices titre="java.awt.Font[family=Arial,name=Arial,style=bold,size=18]" />
    </representation>
    <representation id="GLO9" nom="EtoileRouge" echelle_id="0">
      <info createur="Prof" date_creation="08/04/2011" date_modification="08/04/2011" statut="public">
        <commentaires>rouge, fond jaune clair</commentaires>
      </info>
      <type type="Etoile" />
      <couleurs fond="java.awt.Color[r=255,g=255,b=255]" arriere="java.awt.Color[r=255,g=255,b=204]" />
      <barres pref="oui">
        <barre0>java.awt.Color[r=255,g=0,b=0]</barre0>
      </barres>
      <polices titre="java.awt.Font[family=Arial,name=Arial,style=bold,size=18]" />
    </representation>
    <representation id="GLO11" nom="barreVerte" echelle_id="0">
      <info createur="Prof" date_creation="08/04/2011" date_modification="08/04/2011" statut="public">
        <commentaires>pour l'article</commentaires>
      </info>
      <type type="DiagBarres" dim="3D" forme="cylindres" orientation="vertical" />
      <titres valeurs="" categories="" />
      <couleurs fond="java.awt.Color[r=255,g=255,b=255]" arriere="java.awt.Color[r=255,g=255,b=255]" points="java.awt.Color[r=192,g=192,b=192]" />
      <barres pref="oui">
        <barre0>java.awt.Color[r=0,g=255,b=51]</barre0>
      </barres>
      <polices titre="java.awt.Font[family=Arial,name=Arial Gras,style=bold,size=16]" />
    </representation>
    <representation id="GLO14" nom="Etoile" echelle_id="0">
      <info createur="Prof" date_creation="12/04/2011" date_modification="12/04/2011" statut="public">
        <commentaires />
      </info>
      <type type="Etoile" />
      <couleurs fond="java.awt.Color[r=255,g=255,b=204]" arriere="java.awt.Color[r=255,g=255,b=255]" />
      <barres pref="oui">
        <barre0>java.awt.Color[r=0,g=0,b=255]</barre0>
      </barres>
      <polices titre="java.awt.Font[family=Arial,name=Arial,style=bold,size=18]" />
    </representation>
    <representation id="GLO16" nom="camembert" echelle_id="0">
      <info createur="Marie" date_creation="05/05/2011" date_modification="05/05/2011" statut="public">
        <commentaires />
      </info>
      <type type="Camembert" dim="3D" />
      <couleurs fond="java.awt.Color[r=255,g=255,b=255]" arriere="java.awt.Color[r=255,g=255,b=255]" />
      <barres pref="oui">
        <barre0>java.awt.Color[r=0,g=0,b=255]</barre0>
        <barre1>java.awt.Color[r=255,g=255,b=0]</barre1>
        <barre2>java.awt.Color[r=0,g=255,b=0]</barre2>
        <barre3>java.awt.Color[r=0,g=255,b=255]</barre3>
        <barre4>java.awt.Color[r=255,g=0,b=0]</barre4>
        <barre5>java.awt.Color[r=255,g=0,b=255]</barre5>
      </barres>
    </representation>
    <representation id="GLO17" nom="3DCylindres" echelle_id="0">
      <info createur="Marie" date_creation="05/05/2011" date_modification="05/05/2011" statut="public">
        <commentaires />
      </info>
      <type type="DiagBarres" dim="3D" forme="cylindres" orientation="horizontal" />
      <titres valeurs="" categories="" />
      <couleurs fond="java.awt.Color[r=255,g=255,b=255]" arriere="java.awt.Color[r=255,g=255,b=255]" points="java.awt.Color[r=192,g=192,b=192]" />
      <barres pref="oui">
        <barre0>java.awt.Color[r=0,g=255,b=255]</barre0>
      </barres>
      <polices titre="java.awt.Font[family=Arial,name=Arial,style=bold,size=18]" />
    </representation>
    <representation id="GLO18" nom="Etoile" echelle_id="0">
      <info createur="Marie" date_creation="05/05/2011" date_modification="05/05/2011" statut="public">
        <commentaires />
      </info>
      <type type="Etoile" />
      <couleurs fond="java.awt.Color[r=255,g=255,b=255]" arriere="java.awt.Color[r=255,g=255,b=255]" />
      <barres pref="oui">
        <barre0>java.awt.Color[r=0,g=0,b=255]</barre0>
      </barres>
      <polices titre="java.awt.Font[family=Arial,name=Arial,style=bold,size=18]" />
    </representation>
  </VM>
  <VEM>
    <representation id="GLO10" nom="repartition" echelle_id="0">
      <info createur="Prof" date_creation="08/04/2011" date_modification="08/04/2011" statut="public">
        <commentaires>2D, couleurs standarts</commentaires>
      </info>
      <type type="Camembert" dim="2D" />
      <couleurs fond="java.awt.Color[r=255,g=255,b=255]" arriere="java.awt.Color[r=255,g=255,b=255]" />
      <barres pref="oui">
        <barre0>java.awt.Color[r=0,g=0,b=255]</barre0>
        <barre1>java.awt.Color[r=255,g=255,b=0]</barre1>
        <barre2>java.awt.Color[r=0,g=255,b=0]</barre2>
        <barre3>java.awt.Color[r=0,g=255,b=255]</barre3>
        <barre4>java.awt.Color[r=255,g=0,b=0]</barre4>
        <barre5>java.awt.Color[r=255,g=0,b=255]</barre5>
      </barres>
    </representation>
    <representation id="GLO12" nom="EnBarres" echelle_id="0">
      <info createur="Prof" date_creation="10/04/2011" date_modification="10/04/2011" statut="public">
        <commentaires />
      </info>
      <type type="DiagBarres" dim="2D" effet="oui" orientation="vertical" />
      <titres valeurs="Les valeurs" categories="Les matières" />
      <couleurs fond="java.awt.Color[r=255,g=255,b=255]" arriere="java.awt.Color[r=255,g=255,b=255]" points="java.awt.Color[r=192,g=192,b=192]" />
      <barres pref="oui">
        <barre0>java.awt.Color[r=0,g=0,b=255]</barre0>
        <barre1>java.awt.Color[r=255,g=255,b=0]</barre1>
        <barre2>java.awt.Color[r=0,g=255,b=0]</barre2>
        <barre3>java.awt.Color[r=0,g=255,b=255]</barre3>
        <barre4>java.awt.Color[r=255,g=0,b=0]</barre4>
        <barre5>java.awt.Color[r=255,g=153,b=0]</barre5>
      </barres>
      <polices titre="java.awt.Font[family=Arial,name=Arial,style=bold,size=18]" />
    </representation>
    <representation id="GLO15" nom="Camembert" echelle_id="0">
      <info createur="Marie" date_creation="05/05/2011" date_modification="05/05/2011" statut="public">
        <commentaires />
      </info>
      <type type="Camembert" dim="3D" />
      <couleurs fond="java.awt.Color[r=255,g=255,b=255]" arriere="java.awt.Color[r=255,g=255,b=255]" />
      <barres pref="oui">
        <barre0>java.awt.Color[r=0,g=0,b=255]</barre0>
        <barre1>java.awt.Color[r=255,g=255,b=0]</barre1>
        <barre2>java.awt.Color[r=0,g=255,b=0]</barre2>
        <barre3>java.awt.Color[r=0,g=255,b=255]</barre3>
        <barre4>java.awt.Color[r=255,g=0,b=0]</barre4>
        <barre5>java.awt.Color[r=255,g=0,b=255]</barre5>
      </barres>
    </representation>
  </VEM>
</representations>

