<?xml version="1.0" encoding="UTF-8"?>
<representations>
  <echelle_numerique>
    <representation_numerique>
      <representation id="NRN3" nom="Arial_Rouge/noir" echelle_id="0">
        <info createur="Prof" date_creation="11/04/2011" date_modification="11/04/2011" statut="public">
          <commentaires />
        </info>
        <intervalle borne_inf="0" borne_sup="9" aff="oui" fond="javax.swing.plaf.ColorUIResource[r=255,g=255,b=255]" police="java.awt.Font[family=Arial,name=Arial,style=plain,size=12]" couleur_police="java.awt.Color[r=255,g=0,b=0]" />
        <intervalle borne_inf="10" borne_sup="20" aff="oui" fond="javax.swing.plaf.ColorUIResource[r=255,g=255,b=255]" police="java.awt.Font[family=Arial,name=Arial,style=plain,size=12]" couleur_police="java.awt.Color[r=0,g=0,b=0]" />
      </representation>
      <representation id="NRN4" nom="Arial_Noir/Vert" echelle_id="0">
        <info createur="Prof" date_creation="13/04/2011" date_modification="13/04/2011" statut="public">
          <commentaires />
        </info>
        <intervalle borne_inf="0" borne_sup="9" aff="oui" fond="javax.swing.plaf.ColorUIResource[r=255,g=255,b=255]" police="java.awt.Font[family=Arial,name=Arial,style=plain,size=12]" couleur_police="sun.swing.PrintColorUIResource[r=51,g=51,b=51]" />
        <intervalle borne_inf="10" borne_sup="20" aff="oui" fond="javax.swing.plaf.ColorUIResource[r=255,g=255,b=255]" police="java.awt.Font[family=Arial,name=Arial,style=plain,size=12]" couleur_police="java.awt.Color[r=51,g=204,b=0]" />
      </representation>
      <representation id="NRN6" nom="QCM-Cours/TD" echelle_id="26">
        <info createur="Prof" date_creation="16/05/2011" date_modification="16/05/2011" statut="public">
          <commentaires />
        </info>
        <intervalle borne_inf="0" borne_sup="6" aff="oui" fond="javax.swing.plaf.ColorUIResource[r=255,g=255,b=255]" police="javax.swing.plaf.FontUIResource[family=Dialog,name=Dialog,style=plain,size=12]" couleur_police="sun.swing.PrintColorUIResource[r=51,g=51,b=51]" />
      </representation>
      <representation id="NRN7" nom="QCM-TP" echelle_id="33">
        <info createur="Prof" date_creation="16/05/2011" date_modification="16/05/2011" statut="public">
          <commentaires />
        </info>
        <intervalle borne_inf="0" borne_sup="8" aff="oui" fond="javax.swing.plaf.ColorUIResource[r=255,g=255,b=255]" police="javax.swing.plaf.FontUIResource[family=Dialog,name=Dialog,style=plain,size=12]" couleur_police="sun.swing.PrintColorUIResource[r=51,g=51,b=51]" />
      </representation>
    </representation_numerique>
    <representation_graphique>
      <representation id="NRG4" nom="toto" echelle_id="0" graphique="barre">
        <info createur="Prof" date_creation="22/02/2011" date_modification="22/02/2011" statut="prive">
          <commentaires>commmmmmmmmm</commentaires>
        </info>
        <intervalle borne_inf="0" borne_sup="10" col="java.awt.Color[r=0,g=0,b=255]" degrade="non" />
        <intervalle borne_inf="11" borne_sup="20" col="java.awt.Color[r=204,g=0,b=255]" degrade="non" />
      </representation>
      <representation id="NRG20" nom="4Couleurs" echelle_id="0" graphique="barre">
        <info createur="Prof" date_creation="15/03/2011" date_modification="15/03/2011" statut="public">
          <commentaires>4 couleurs selon la note</commentaires>
        </info>
        <intervalle borne_inf="0" borne_sup="5" col="java.awt.Color[r=255,g=0,b=0]" degrade="non" />
        <intervalle borne_inf="6" borne_sup="9" col="java.awt.Color[r=255,g=153,b=0]" degrade="non" />
        <intervalle borne_inf="10" borne_sup="14" col="java.awt.Color[r=153,g=255,b=153]" degrade="non" />
        <intervalle borne_inf="15" borne_sup="20" col="java.awt.Color[r=0,g=255,b=0]" degrade="non" />
      </representation>
      <representation id="NRG22" nom="Compteur2Couleurs" echelle_id="0" graphique="compteur">
        <info createur="Marie" date_creation="29/03/2011" date_modification="29/03/2011" statut="public">
          <commentaires>rouge et vert</commentaires>
        </info>
        <intervalle borne_inf="0" borne_sup="10" col="java.awt.Color[r=255,g=51,b=153]" degrade="non" />
        <intervalle borne_inf="11" borne_sup="20" col="java.awt.Color[r=102,g=255,b=102]" degrade="non" />
      </representation>
    </representation_graphique>
    <representation_symbolique>
      <representation id="NRS2" nom="DeuxSmileys" echelle_id="1">
        <info createur="Prof" date_creation="01/03/2011" date_modification="01/03/2011" statut="public">
          <commentaires>deux smileys  (0-5 et 6-10)</commentaires>
        </info>
        <intervalle borne_inf="0" borne_sup="5" id_image="smileys/smiley1.png" nb="1" taille="1" taille_max="1" col="def" />
        <intervalle borne_inf="6" borne_sup="10" id_image="smileys/smiley16.png" nb="1" taille="1" taille_max="1" col="def" />
      </representation>
      <representation id="NRS4" nom="2Smileys" echelle_id="0">
        <info createur="Prof" date_creation="08/04/2011" date_modification="08/04/2011" statut="public">
          <commentaires>un ou deux smileys, pour l'article</commentaires>
        </info>
        <intervalle borne_inf="0" borne_sup="5" id_image="smileys/smiley26.png" nb="2" taille="1" taille_max="1" col="def" />
        <intervalle borne_inf="6" borne_sup="9" id_image="smileys/smiley26.png" nb="1" taille="1" taille_max="1" col="def" />
        <intervalle borne_inf="10" borne_sup="13" id_image="smileys/smiley25.png" nb="1" taille="1" taille_max="1" col="def" />
        <intervalle borne_inf="14" borne_sup="20" id_image="smileys/smiley25.png" nb="2" taille="1" taille_max="1" col="def" />
      </representation>
      <representation id="NRS5" nom="2smileys" echelle_id="0">
        <info createur="Prof" date_creation="11/04/2011" date_modification="11/04/2011" statut="public">
          <commentaires />
        </info>
        <intervalle borne_inf="0" borne_sup="9" id_image="smileys/smiley29.png" nb="1" taille="1" taille_max="1" col="def" />
        <intervalle borne_inf="10" borne_sup="20" id_image="smileys/smiley21.png" nb="1" taille="1" taille_max="1" col="def" />
      </representation>
      <representation id="NRS9" nom="TroisSmileys" echelle_id="0">
        <info createur="Prof" date_creation="11/04/2011" date_modification="11/04/2011" statut="public">
          <commentaires />
        </info>
        <intervalle borne_inf="0" borne_sup="9" id_image="smileys/smiley27.png" nb="1" taille="1" taille_max="1" col="def" />
        <intervalle borne_inf="10" borne_sup="15" id_image="smileys/smiley25.png" nb="1" taille="1" taille_max="1" col="def" />
        <intervalle borne_inf="16" borne_sup="20" id_image="smileys/smiley31.png" nb="1" taille="1" taille_max="1" col="def" />
      </representation>
      <representation id="NRS10" nom="UnOuDeuxSmileys" echelle_id="0">
        <info createur="Prof" date_creation="13/04/2011" date_modification="13/04/2011" statut="public">
          <commentaires />
        </info>
        <intervalle borne_inf="0" borne_sup="5" id_image="smileys/smiley26.png" nb="2" taille="1" taille_max="1" col="def" />
        <intervalle borne_inf="6" borne_sup="12" id_image="smileys/smiley26.png" nb="1" taille="1" taille_max="1" col="def" />
        <intervalle borne_inf="10" borne_sup="14" id_image="smileys/smiley25.png" nb="1" taille="1" taille_max="1" col="def" />
        <intervalle borne_inf="15" borne_sup="20" id_image="smileys/smiley25.png" nb="2" taille="1" taille_max="1" col="def" />
      </representation>
    </representation_symbolique>
  </echelle_numerique>
  <echelle_textuelle>
    <representation_textuelle>
      <representation id="TRT3" nom="TroisCouleurs" echelle_id="22" aff="non">
        <info createur="Prof" date_creation="12/04/2011" date_modification="12/04/2011" statut="public">
          <commentaires />
        </info>
        <correspondance niveau="Mastered" fond="javax.swing.plaf.ColorUIResource[r=255,g=255,b=255]" police="java.awt.Font[family=Arial,name=Arial Gras,style=bold,size=16]" couleur_police="java.awt.Color[r=0,g=204,b=51]" />
        <correspondance niveau="Partially mastered" fond="javax.swing.plaf.ColorUIResource[r=255,g=255,b=255]" police="java.awt.Font[family=Arial,name=Arial,style=plain,size=12]" couleur_police="java.awt.Color[r=0,g=204,b=51]" />
        <correspondance niveau="Not mastered" fond="javax.swing.plaf.ColorUIResource[r=255,g=255,b=255]" police="java.awt.Font[family=Arial,name=Arial,style=plain,size=12]" couleur_police="java.awt.Color[r=204,g=0,b=0]" />
      </representation>
    </representation_textuelle>
    <representation_graphique>
      <representation id="TRG7" nom="marepresentation" echelle_id="3" graphique="barre">
        <info createur="Prof" date_creation="01/03/2011" date_modification="01/03/2011" statut="public">
          <commentaires>trois couleurs (vert/orange/rouge)</commentaires>
        </info>
        <correspondance niveau="maîtrisé" valeur="100" col="java.awt.Color[r=0,g=255,b=0]" degrade="non" />
        <correspondance niveau="partiellement maîtrisé" valeur="50" col="java.awt.Color[r=255,g=200,b=0]" degrade="non" />
        <correspondance niveau="non maîtrisé" valeur="10" col="java.awt.Color[r=255,g=0,b=0]" degrade="non" />
      </representation>
      <representation id="TRG9" nom="UnCompteur3Couleurs" echelle_id="3" graphique="compteur">
        <info createur="Marie" date_creation="29/03/2011" date_modification="29/03/2011" statut="public">
          <commentaires>Les couleurs classiques</commentaires>
        </info>
        <correspondance niveau="maîtrisé" valeur="100" col="java.awt.Color[r=0,g=255,b=0]" degrade="non" />
        <correspondance niveau="partiellement maîtrisé" valeur="50" col="java.awt.Color[r=255,g=200,b=0]" degrade="non" />
        <correspondance niveau="non maîtrisé" valeur="0" col="java.awt.Color[r=255,g=0,b=0]" degrade="non" />
      </representation>
      <representation id="TRG10" nom="BarBleue" echelle_id="22" graphique="barre">
        <info createur="Prof" date_creation="08/04/2011" date_modification="08/04/2011" statut="public">
          <commentaires>progress bar bleue, pour l'article</commentaires>
        </info>
        <correspondance niveau="Mastered" valeur="100" col="java.awt.Color[r=51,g=0,b=255]" degrade="non" />
        <correspondance niveau="Partially mastered" valeur="50" col="java.awt.Color[r=51,g=0,b=255]" degrade="non" />
        <correspondance niveau="Not mastered" valeur="0" col="java.awt.Color[r=51,g=0,b=255]" degrade="non" />
      </representation>
    </representation_graphique>
    <representation_symbolique>
      <representation id="TRS1" nom="3Smileys" echelle_id="3">
        <info createur="Prof" date_creation="01/03/2011" date_modification="01/03/2011" statut="public">
          <commentaires>un smiley par niveau</commentaires>
        </info>
        <correspondance niveau="maîtrisé" id_image="smileys/smiley25.png" nb="1" taille="1" taille_max="1" col="def" />
        <correspondance niveau="partiellement maîtrisé" id_image="smileys/smiley22.png" nb="1" taille="1" taille_max="1" col="def" />
        <correspondance niveau="non maîtrisé" id_image="smileys/smiley26.png" nb="1" taille="1" taille_max="1" col="def" />
      </representation>
      <representation id="TRS2" nom="smileyPouces" echelle_id="3">
        <info createur="Prof" date_creation="01/03/2011" date_modification="01/03/2011" statut="public">
          <commentaires>un ou deux simleys par niveau</commentaires>
        </info>
        <correspondance niveau="maîtrisé" id_image="smileys/smiley24.png" nb="2" taille="1" taille_max="1" col="def" />
        <correspondance niveau="partiellement maîtrisé" id_image="smileys/smiley15.png" nb="1" taille="1" taille_max="1" col="def" />
        <correspondance niveau="non maîtrisé" id_image="smileys/smiley17.png" nb="2" taille="1" taille_max="1" col="def" />
      </representation>
      <representation id="TRS21" nom="feuxTricolores" echelle_id="22">
        <info createur="Prof" date_creation="08/04/2011" date_modification="08/04/2011" statut="public">
          <commentaires />
        </info>
        <correspondance niveau="Mastered" id_image="symboles/feu1.png" nb="1" taille="1" taille_max="1" col="def" />
        <correspondance niveau="Partially mastered" id_image="symboles/feu2.png" nb="1" taille="1" taille_max="1" col="def" />
        <correspondance niveau="Not mastered" id_image="symboles/feu3.png" nb="1" taille="1" taille_max="1" col="def" />
      </representation>
    </representation_symbolique>
  </echelle_textuelle>
  <commentaires>
    <representation id="COM2" nom="arial" echelle_id="-2">
      <info createur="Prof" date_creation="06/03/2011" date_modification="06/03/2011" statut="public">
        <commentaires>arial 12, fond blanc</commentaires>
      </info>
      <general fond="javax.swing.plaf.ColorUIResource[r=255,g=255,b=255]" police="java.awt.Font[family=Arial,name=Arial,style=plain,size=12]" couleur_police="sun.swing.PrintColorUIResource[r=51,g=51,b=51]" />
    </representation>
    <representation id="COM3" nom="Arial12" echelle_id="-2">
      <info createur="Prof" date_creation="08/04/2011" date_modification="08/04/2011" statut="public">
        <commentaires>arial 12 normal, pour l'article</commentaires>
      </info>
      <general fond="javax.swing.plaf.ColorUIResource[r=255,g=255,b=255]" police="java.awt.Font[family=Arial,name=Arial,style=plain,size=12]" couleur_police="sun.swing.PrintColorUIResource[r=51,g=51,b=51]" />
    </representation>
    <representation id="COM4" nom="arial16" echelle_id="-2">
      <info createur="Prof" date_creation="08/04/2011" date_modification="08/04/2011" statut="public">
        <commentaires>arial 16 normal, pour l'article</commentaires>
      </info>
      <general fond="javax.swing.plaf.ColorUIResource[r=255,g=255,b=255]" police="java.awt.Font[family=Arial,name=Arial,style=plain,size=16]" couleur_police="sun.swing.PrintColorUIResource[r=51,g=51,b=51]" />
    </representation>
  </commentaires>
  <generales>
    <representation id="GEN0" nom="comicSansMS" echelle_id="-1">
      <info createur="Prof" date_creation="06/03/2011" date_modification="06/03/2011" statut="public">
        <commentaires>comic sans MS 12, fond blanc</commentaires>
      </info>
      <general fond="javax.swing.plaf.ColorUIResource[r=255,g=255,b=255]" police="java.awt.Font[family=Comic Sans MS,name=Comic Sans MS,style=plain,size=12]" couleur_police="java.awt.Color[r=0,g=0,b=102]" />
    </representation>
  </generales>
</representations>

