<?xml version="1.0" encoding="ISO-8859-1" standalone="no"?> 
<representations>
	<echelle_numerique>
		<representation_numerique>
			<representation id="NRN0" nom="" affiche_echelle="oui">
				<info createur="" date_creation="" date_modification="" statut="">
					<commentaires>comentaires pour aider le prof</commentaires>
				</info>
			</representation>
			<representation id="NRN1" nom="" affiche_echelle="non">
				<info createur="" date_creation="" date_modification="" statut="">
					<commentaires>comentaires pour aider le prof</commentaires>
				</info>
			</representation>
		</representation_numerique>
		<representation_graphique>
			<representation id="NRG0" nom="" echelle_id="17" graphique="barre">
				<info createur="" date_creation="" date_modification="" statut="">
					<commentaires>comentaires pour aider le prof</commentaires>
				</info>
				<intervalle borne_inf="0" borne_sup="50" col="rouge" degrade="non"/>
				<intervalle borne_inf="50" borne_sup="100" col="vert" degrade="non"/>
			</representation>
			<representation id="NRG1" nom="" echelle_id="17" graphique="circulaire">
				<info createur="" date_creation="" date_modification="" statut="">
					<commentaires>comentaires pour aider le prof</commentaires>
				</info>
				<intervalle borne_inf="0" borne_sup="100" col="bleu" degrade="oui"/>
			</representation>
		</representation_graphique>
		<representation_symbolique>
			<representation id="NRS0" nom="" echelle_id="0">
				<info createur="" date_creation="" date_modification="" statut="">
					<commentaires>comentaires pour aider le prof</commentaires>
				</info>
				<intervalle borne_inf="0" borne_sup="8" id_image="etoile1" nb="1" taille="1" taille_max="1" col="rouge"/>
				<intervalle borne_inf="8" borne_sup="12" id_image="etoile1" nb="1" taille="1" taille_max="1" col="orange"/>
				<intervalle borne_inf="12" borne_sup="20" id_image="etoile1" nb="1" taille="1" taille_max="1" col="vert"/>
			</representation>
			<representation id="NRS1" nom="" echelle_id="0">
				<info createur="" date_creation="" date_modification="" statut="">
					<commentaires>comentaires pour aider le prof</commentaires>
				</info>
				<intervalle borne_inf="0" borne_sup="8" id_image="etoile1" nb="1" taille="3" taille_max="3" col="rouge"/>
				<intervalle borne_inf="8" borne_sup="12" id_image="etoile1" nb="1" taille="2" taille_max="3" col="orange"/>
				<intervalle borne_inf="12" borne_sup="20" id_image="etoile1" nb="1" taille="1" taille_max="3" col="vert"/>
			</representation>			
		</representation_symbolique>
	</echelle_numerique>
	<echelle_textuelle>
		<representation_textuelle>
			<representation id="TRT0" nom="" affiche_echelle="oui">
				<info createur="" date_creation="" date_modification="" statut="">
					<commentaires>comentaires pour aider le prof</commentaires>
				</info>
			</representation>
			<representation id="TRT1" nom="" affiche_echelle="non">
				<info createur="" date_creation="" date_modification="" statut="">
					<commentaires>comentaires pour aider le prof</commentaires>
				</info>
			</representation>
		</representation_textuelle>
		<representation_graphique>
			<representation id="TRG0" nom="" echelle_id="3" graphique="barre">
				<info createur="" date_creation="" date_modification="" statut="">
					<commentaires>comentaires pour aider le prof</commentaires>
				</info>
				<correspondance niveau="maitrise" valeur="100"/>
				<correspondance niveau="partiellement maitrise" valeur="50"/>
				<correspondance niveau="non maitrise" valeur="0"/>
			</representation>
		</representation_graphique>
		<representation_symbolique>
			<representation id="TRS0" nom="" echelle_id="4">
				<info createur="" date_creation="" date_modification="" statut="">
					<commentaires>comentaires pour aider le prof</commentaires>
				</info>
				<correspondance niveau="acquis" id_image="carre1" nb="1" taille="1" taille_max="1" col="vert"/>
				<correspondance niveau="acquis" id_image="carre1" nb="1" taille="1" taille_max="1" col="rouge"/>
			</representation>
			<representation id="TRS1" nom="" echelle_id="5">
				<info createur="" date_creation="" date_modification="" statut="">
					<commentaires>comentaires pour aider le prof</commentaires>
				</info>
				<correspondance niveau="acquis" id_image="poucehaut" nb="2" taille="1" taille_max="1" col="def"/>
				<correspondance niveau="a confirmer" id_image="poucehaut" nb="1" taille="1" taille_max="1" col="def"/>
				<correspondance niveau="en cours d'acquisition" id_image="poucebas" nb="1" taille="1" taille_max="1" col="def"/>
				<correspondance niveau="non acquis" id_image="poucebas" nb="2" taille="1" taille_max="1" col="def"/>
			</representation>
		</representation_symbolique>		
	</echelle_textuelle>
</representations>