<?xml version="1.0" encoding="UTF-8"?>
<Vue>
  <structure id="120" nom="Spiral" createur="Prof" date_creation="14/05/2011" date_derniere_modif="16/05/2011" nom_eleve="" prenom_eleve="">
    <visualisation />
    <brique id="0" type="1" nom="Forum" nbquestions="1" indice="0">
      <infos_echelle>
        <echelle id="0" unite="1" />
      </infos_echelle>
      <visualisation num="0" />
      <arbre_des_composantes niveaux="1" cumul="vrai">
        <composante nom="Questions">
          <visualisation num="0">
            <simple>
              <representation id="GLO5_BarresBleues" condition="non" />
            </simple>
          </visualisation>
          <valeur id_echelle="" num="0" />
        </composante>
        <composante nom="Réponses">
          <visualisation num="0">
            <simple>
              <representation id="GLO5_BarresBleues" condition="non" />
            </simple>
          </visualisation>
          <valeur id_echelle="" num="0" />
        </composante>
        <composante nom="Suggestions">
          <visualisation num="0">
            <simple>
              <representation id="GLO5_BarresBleues" condition="non" />
            </simple>
          </visualisation>
          <valeur id_echelle="" num="0" />
        </composante>
      </arbre_des_composantes>
    </brique>
    <brique id="1" type="1" nom="Blog - Commentaires" nbquestions="1" indice="1">
      <infos_echelle>
        <echelle id="0" unite="1" />
      </infos_echelle>
      <visualisation num="0" />
      <commentaires>
        <visualisation />
      </commentaires>
      <arbre_des_composantes niveaux="1" cumul="vrai">
        <composante nom="Questions">
          <visualisation num="0">
            <simple>
              <representation id="GLO5_BarresBleues" condition="non" />
            </simple>
          </visualisation>
          <valeur id_echelle="" num="0" />
        </composante>
        <composante nom="Réponses">
          <visualisation num="0">
            <simple>
              <representation id="GLO5_BarresBleues" condition="non" />
            </simple>
          </visualisation>
          <valeur id_echelle="" num="0" />
        </composante>
        <composante nom="Suggestions">
          <visualisation num="0">
            <simple>
              <representation id="GLO5_BarresBleues" condition="non" />
            </simple>
          </visualisation>
          <valeur id_echelle="" num="0" />
        </composante>
      </arbre_des_composantes>
    </brique>
    <brique id="2" type="3" nom="Appréciation générale" indice="2">
      <texte>
        <visualisation />
      </texte>
    </brique>
    <brique id="9" type="0" nom="QCM C" indice="3">
      <infos_echelle>
        <echelle id="0" unite="1" />
      </infos_echelle>
      <visualisation num="0" />
      <arbre_des_composantes niveaux="1" ponderation="faux">
        <composante nom="Cours">
          <visualisation num="0">
            <simple>
              <representation id="GLO7_CourbeVerte" condition="non" />
            </simple>
          </visualisation>
          <valeur id_echelle="0" num="0" />
        </composante>
        <composante nom="TD">
          <visualisation num="0">
            <simple>
              <representation id="GLO7_CourbeVerte" condition="non" />
            </simple>
          </visualisation>
          <valeur id_echelle="0" num="0" />
        </composante>
        <composante nom="TP">
          <visualisation num="0">
            <simple>
              <representation id="GLO7_CourbeVerte" condition="non" />
            </simple>
          </visualisation>
          <valeur id_echelle="0" num="0" />
        </composante>
      </arbre_des_composantes>
    </brique>
    <brique id="8" type="0" nom="QCM C++" indice="4">
      <infos_echelle>
        <echelle id="0" unite="1" />
      </infos_echelle>
      <visualisation num="0" />
      <arbre_des_composantes niveaux="1" ponderation="faux">
        <composante nom="Cours">
          <visualisation num="0">
            <simple>
              <representation id="GLO7_CourbeVerte" condition="non" />
            </simple>
          </visualisation>
          <valeur id_echelle="0" num="0" />
        </composante>
        <composante nom="TD">
          <visualisation num="0">
            <simple>
              <representation id="GLO7_CourbeVerte" condition="non" />
            </simple>
          </visualisation>
          <valeur id_echelle="0" num="0" />
        </composante>
        <composante nom="TP">
          <visualisation num="0">
            <simple>
              <representation id="GLO7_CourbeVerte" condition="non" />
            </simple>
          </visualisation>
          <valeur id_echelle="0" num="0" />
        </composante>
      </arbre_des_composantes>
    </brique>
    <brique id="5" type="2" nom="TP Semaine" indice="5">
      <infos_echelle>
        <echelle id="3" />
      </infos_echelle>
      <visualisation num="0" />
      <commentaires>
        <visualisation />
      </commentaires>
      <arbre_des_composantes niveaux="1">
        <composante nom="Cours Semaine">
          <visualisation num="0">
            <simple>
              <representation id="TRS002_Smiley" condition="non" />
            </simple>
          </visualisation>
          <valeur id_echelle="3" num="0" />
        </composante>
        <composante nom="TP Semaine">
          <visualisation num="0">
            <simple>
              <representation id="TRS002_Smiley" condition="non" />
            </simple>
          </visualisation>
          <valeur id_echelle="3" num="0" />
        </composante>
      </arbre_des_composantes>
      <liens>
        <lien de="TP Semaine" vers="Cours Semaine">
          <visualisation />
        </lien>
      </liens>
    </brique>
  </structure>
  <liste_conditions />
  <metadonnees>
    <IdVue>VUE134</IdVue>
    <Nom>Spiral-Enseignant-20</Nom>
    <Date_creation>16/05/2011</Date_creation>
    <Date_modif>16/05/2011</Date_modif>
    <Createur>Prof</Createur>
    <Satut>public</Satut>
    <Strucutre_profil_associee>Spiral</Strucutre_profil_associee>
    <Public>M1-Projet_prof_2011.xml</Public>
    <Activite type="evolution">Visualiser l'evolution d'un profil</Activite>
    <Objectifs />
    <Commentaires />
  </metadonnees>
  <liste_eleves />
</Vue>

