<?xml version="1.0" encoding="UTF-8"?>
<Vue>
  <structure id="126" nom="ProfilCapacites" createur="Prof" date_creation="02/05/2011" date_derniere_modif="02/05/2011" nom_eleve="" prenom_eleve="">
    <visualisation />
    <brique id="1" type="0" nom="Audition" indice="0">
      <infos_echelle>
        <echelle id="17" />
      </infos_echelle>
      <visualisation num="0" />
      <arbre_des_composantes niveaux="1" ponderation="faux">
        <composante nom="oreille droite">
          <visualisation num="0">
            <simple>
              <representation id="GEN0_comicSansMS" condition="non" />
            </simple>
          </visualisation>
          <valeur id_echelle="17" num="0" />
        </composante>
        <composante nom="oreille gauche">
          <visualisation num="0">
            <simple>
              <representation id="GEN0_comicSansMS" condition="non" />
            </simple>
          </visualisation>
          <valeur id_echelle="17" num="0" />
        </composante>
      </arbre_des_composantes>
    </brique>
    <brique id="2" type="0" nom="Vue" indice="1">
      <infos_echelle>
        <echelle id="1" />
      </infos_echelle>
      <visualisation num="0" />
      <arbre_des_composantes niveaux="1" ponderation="faux">
        <composante nom="oeil droit">
          <visualisation num="0">
            <simple>
              <representation id="GEN0_comicSansMS" condition="non" />
            </simple>
          </visualisation>
          <valeur id_echelle="1" num="0" />
        </composante>
        <composante nom="oeil gauche">
          <visualisation num="0">
            <simple>
              <representation id="GEN0_comicSansMS" condition="non" />
            </simple>
          </visualisation>
          <valeur id_echelle="1" num="0" />
        </composante>
      </arbre_des_composantes>
    </brique>
    <brique id="3" type="1" nom="Concentration" nbquestions="1" indice="2">
      <visualisation num="0" />
      <arbre_des_composantes niveaux="1" cumul="vrai">
        <composante nom="activite pédagogique (temps maximum)" nomabrege="activite pédagogique">
          <visualisation num="0" />
          <valeur id_echelle="" num="0" />
        </composante>
      </arbre_des_composantes>
    </brique>
    <brique id="4" type="0" nom="Daltonisme" indice="3">
      <infos_echelle>
        <echelle id="27" />
      </infos_echelle>
      <visualisation num="0" />
      <arbre_des_composantes niveaux="1" ponderation="faux">
        <composante nom="achromatie">
          <visualisation num="0">
            <simple>
              <representation id="GEN0_comicSansMS" condition="non" />
            </simple>
          </visualisation>
          <valeur id_echelle="27" num="0" />
        </composante>
        <composante nom="tritanopie">
          <visualisation num="0">
            <simple>
              <representation id="GEN0_comicSansMS" condition="non" />
            </simple>
          </visualisation>
          <valeur id_echelle="27" num="0" />
        </composante>
        <composante nom="deuteranopie">
          <visualisation num="0">
            <simple>
              <representation id="GEN0_comicSansMS" condition="non" />
            </simple>
          </visualisation>
          <valeur id_echelle="27" num="0" />
        </composante>
        <composante nom="protanopie">
          <visualisation num="0">
            <simple>
              <representation id="GEN0_comicSansMS" condition="non" />
            </simple>
          </visualisation>
          <valeur id_echelle="27" num="0" />
        </composante>
      </arbre_des_composantes>
    </brique>
    <brique id="5" type="3" nom="Commentaires" indice="4">
      <texte>
        <visualisation />
      </texte>
    </brique>
    <brique id="9" type="0" nom="Dys" indice="5">
      <infos_echelle>
        <echelle id="27" />
      </infos_echelle>
      <visualisation num="0" />
      <arbre_des_composantes niveaux="1" ponderation="faux">
        <composante nom="dyslexie">
          <visualisation num="0">
            <simple>
              <representation id="GEN0_comicSansMS" condition="non" />
            </simple>
          </visualisation>
          <valeur id_echelle="27" num="0" />
        </composante>
        <composante nom="dyscalculie">
          <visualisation num="0">
            <simple>
              <representation id="GEN0_comicSansMS" condition="non" />
            </simple>
          </visualisation>
          <valeur id_echelle="27" num="0" />
        </composante>
        <composante nom="dysphasie">
          <visualisation num="0">
            <simple>
              <representation id="GEN0_comicSansMS" condition="non" />
            </simple>
          </visualisation>
          <valeur id_echelle="27" num="0" />
        </composante>
        <composante nom="dysgraphie">
          <visualisation num="0">
            <simple>
              <representation id="GEN0_comicSansMS" condition="non" />
            </simple>
          </visualisation>
          <valeur id_echelle="27" num="0" />
        </composante>
        <composante nom="dyspraxie">
          <visualisation num="0">
            <simple>
              <representation id="GEN0_comicSansMS" condition="non" />
            </simple>
          </visualisation>
          <valeur id_echelle="27" num="0" />
        </composante>
      </arbre_des_composantes>
    </brique>
    <brique id="7" type="0" nom="Dispositif nécessaire" indice="6">
      <infos_echelle>
        <echelle id="27" />
      </infos_echelle>
      <visualisation num="0" />
      <arbre_des_composantes niveaux="1" ponderation="faux">
        <composante nom="clavier">
          <visualisation num="0">
            <simple>
              <representation id="GEN0_comicSansMS" condition="non" />
            </simple>
          </visualisation>
          <valeur id_echelle="27" num="0" />
        </composante>
        <composante nom="souris">
          <visualisation num="0">
            <simple>
              <representation id="GEN0_comicSansMS" condition="non" />
            </simple>
          </visualisation>
          <valeur id_echelle="27" num="0" />
        </composante>
        <composante nom="clavier braille">
          <visualisation num="0">
            <simple>
              <representation id="GEN0_comicSansMS" condition="non" />
            </simple>
          </visualisation>
          <valeur id_echelle="27" num="0" />
        </composante>
        <composante nom="dispositif de lecture">
          <visualisation num="0">
            <simple>
              <representation id="GEN0_comicSansMS" condition="non" />
            </simple>
          </visualisation>
          <valeur id_echelle="27" num="0" />
        </composante>
        <composante nom="clavier virtuel">
          <visualisation num="0">
            <simple>
              <representation id="GEN0_comicSansMS" condition="non" />
            </simple>
          </visualisation>
          <valeur id_echelle="27" num="0" />
        </composante>
      </arbre_des_composantes>
    </brique>
    <brique id="8" type="0" nom="Perception des graphiques" indice="7">
      <infos_echelle>
        <echelle id="27" />
      </infos_echelle>
      <visualisation num="0" />
      <arbre_des_composantes niveaux="1" ponderation="faux">
        <composante nom="diagramme en barres">
          <visualisation num="0">
            <simple>
              <representation id="GEN0_comicSansMS" condition="non" />
            </simple>
          </visualisation>
          <valeur id_echelle="27" num="0" />
        </composante>
        <composante nom="diagramme circulaire">
          <visualisation num="0">
            <simple>
              <representation id="GEN0_comicSansMS" condition="non" />
            </simple>
          </visualisation>
          <valeur id_echelle="27" num="0" />
        </composante>
        <composante nom="diagramme en étoile">
          <visualisation num="0">
            <simple>
              <representation id="GEN0_comicSansMS" condition="non" />
            </simple>
          </visualisation>
          <valeur id_echelle="27" num="0" />
        </composante>
        <composante nom="courbe(s)">
          <visualisation num="0">
            <simple>
              <representation id="GEN0_comicSansMS" condition="non" />
            </simple>
          </visualisation>
          <valeur id_echelle="27" num="0" />
        </composante>
      </arbre_des_composantes>
    </brique>
  </structure>
  <liste_conditions />
  <metadonnees>
    <IdVue>VUE29</IdVue>
    <Nom>vueCapacites</Nom>
    <Date_creation>02/05/2011</Date_creation>
    <Date_modif>02/05/2011</Date_modif>
    <Createur>Prof</Createur>
    <Satut>public</Satut>
    <Strucutre_profil_associee>ProfilCapacites</Strucutre_profil_associee>
    <Public>6emeA_prof_2006.xml</Public>
    <Activite type="visualisation">Visualiser un profil</Activite>
    <Objectifs />
    <Commentaires />
  </metadonnees>
  <liste_eleves />
</Vue>

