﻿<?xml version="1.0" encoding="UTF-8"?>
<Vue>
  <structure id="127" nom="Preferences" createur="Prof" date_creation="02/05/2011" date_derniere_modif="02/05/2011" nom_eleve="" prenom_eleve="">
    <visualisation />
    <brique id="1" type="0" nom="Types de graphes" indice="0">
      <infos_echelle>
        <echelle id="29" />
      </infos_echelle>
      <visualisation num="0" />
      <arbre_des_composantes niveaux="1" ponderation="faux">
        <composante nom="diagramme circulaire">
          <visualisation num="0">
            <simple>
              <representation id="GEN0_comicSansMS" condition="non" />
            </simple>
          </visualisation>
          <valeur id_echelle="29" num="0" />
        </composante>
        <composante nom="diagramme d'aires">
          <visualisation num="0">
            <simple>
              <representation id="GEN0_comicSansMS" condition="non" />
            </simple>
          </visualisation>
          <valeur id_echelle="29" num="0" />
        </composante>
        <composante nom="diagramme en barres ">
          <visualisation num="0">
            <simple>
              <representation id="GEN0_comicSansMS" condition="non" />
            </simple>
          </visualisation>
          <valeur id_echelle="29" num="0" />
        </composante>
        <composante nom="diagrammes en étoile">
          <visualisation num="0">
            <simple>
              <representation id="GEN0_comicSansMS" condition="non" />
            </simple>
          </visualisation>
          <valeur id_echelle="29" num="0" />
        </composante>
        <composante nom="courbes(s)">
          <visualisation num="0">
            <simple>
              <representation id="GEN0_comicSansMS" condition="non" />
            </simple>
          </visualisation>
          <valeur id_echelle="29" num="0" />
        </composante>
      </arbre_des_composantes>
    </brique>
    <brique id="2" type="1" nom="Nombre de representations" nbquestions="1" indice="1">
      <visualisation num="0" />
      <arbre_des_composantes niveaux="1" cumul="vrai">
        <composante nom="Pour une valeur" nomabrege="pour une valeur">
          <visualisation num="0">
            <simple>
              <representation id="GEN0_comicSansMS" condition="non" />
            </simple>
          </visualisation>
          <valeur id_echelle="" num="0" />
        </composante>
      </arbre_des_composantes>
    </brique>
    <brique id="3" type="0" nom="Types de représentations" indice="2">
      <infos_echelle>
        <echelle id="29" />
      </infos_echelle>
      <visualisation num="0" />
      <arbre_des_composantes niveaux="1" ponderation="faux">
        <composante nom="graphique">
          <visualisation num="0">
            <simple>
              <representation id="GEN0_comicSansMS" condition="non" />
            </simple>
          </visualisation>
          <valeur id_echelle="29" num="0" />
        </composante>
        <composante nom="symbolique">
          <visualisation num="0">
            <simple>
              <representation id="GEN0_comicSansMS" condition="non" />
            </simple>
          </visualisation>
          <valeur id_echelle="29" num="0" />
        </composante>
        <composante nom="textuelle/numérique">
          <visualisation num="0">
            <simple>
              <representation id="GEN0_comicSansMS" condition="non" />
            </simple>
          </visualisation>
          <valeur id_echelle="29" num="0" />
        </composante>
      </arbre_des_composantes>
    </brique>
    <brique id="4" type="0" nom="Couleurs des graphes" indice="3">
      <infos_echelle>
        <echelle id="27" />
      </infos_echelle>
      <visualisation num="0" />
      <arbre_des_composantes niveaux="2" ponderation="faux">
        <composante nom="Eléments du graphe">
          <visualisation num="0">
            <simple />
          </visualisation>
          <sous_composante nom="élément 1">
            <visualisation num="0">
              <simple>
                <representation id="GEN0_comicSansMS" condition="non" />
              </simple>
            </visualisation>
            <valeur id_echelle="27" num="0" />
          </sous_composante>
          <sous_composante nom="élément 2">
            <visualisation num="0">
              <simple>
                <representation id="GEN0_comicSansMS" condition="non" />
              </simple>
            </visualisation>
            <valeur id_echelle="27" num="0" />
          </sous_composante>
          <sous_composante nom="élément 3">
            <visualisation num="0">
              <simple>
                <representation id="GEN0_comicSansMS" condition="non" />
              </simple>
            </visualisation>
            <valeur id_echelle="27" num="0" />
          </sous_composante>
          <sous_composante nom="élément 4">
            <visualisation num="0">
              <simple>
                <representation id="GEN0_comicSansMS" condition="non" />
              </simple>
            </visualisation>
            <valeur id_echelle="27" num="0" />
          </sous_composante>
          <sous_composante nom="élément 5">
            <visualisation num="0">
              <simple>
                <representation id="GEN0_comicSansMS" condition="non" />
              </simple>
            </visualisation>
            <valeur id_echelle="27" num="0" />
          </sous_composante>
          <sous_composante nom="élément 6">
            <visualisation num="0">
              <simple>
                <representation id="GEN0_comicSansMS" condition="non" />
              </simple>
            </visualisation>
            <valeur id_echelle="27" num="0" />
          </sous_composante>
        </composante>
        <composante nom="Fond du graphe">
          <visualisation num="0">
            <simple>
              <representation id="GEN0_comicSansMS" condition="non" />
            </simple>
          </visualisation>
          <valeur id_echelle="27" num="0" />
        </composante>
        <composante nom="Arrière plan du graphe">
          <visualisation num="0">
            <simple>
              <representation id="GEN0_comicSansMS" condition="non" />
            </simple>
          </visualisation>
          <valeur id_echelle="27" num="0" />
        </composante>
      </arbre_des_composantes>
    </brique>
    <brique id="5" type="0" nom="Polices" indice="4">
      <infos_echelle>
        <echelle id="27" />
      </infos_echelle>
      <visualisation num="0" />
      <arbre_des_composantes niveaux="1" ponderation="faux">
        <composante nom="titre">
          <visualisation num="0">
            <simple>
              <representation id="GEN0_comicSansMS" condition="non" />
            </simple>
          </visualisation>
          <valeur id_echelle="27" num="0" />
        </composante>
        <composante nom="sous titre">
          <visualisation num="0">
            <simple>
              <representation id="GEN0_comicSansMS" condition="non" />
            </simple>
          </visualisation>
          <valeur id_echelle="27" num="0" />
        </composante>
        <composante nom="général">
          <visualisation num="0">
            <simple>
              <representation id="GEN0_comicSansMS" condition="non" />
            </simple>
          </visualisation>
          <valeur id_echelle="27" num="0" />
        </composante>
      </arbre_des_composantes>
    </brique>
  </structure>
  <liste_conditions />
  <metadonnees>
    <IdVue>VUE30</IdVue>
    <Nom>vuePref</Nom>
    <Date_creation>02/05/2011</Date_creation>
    <Date_modif>02/05/2011</Date_modif>
    <Createur>Prof</Createur>
    <Satut>public</Satut>
    <Strucutre_profil_associee>Preferences</Strucutre_profil_associee>
    <Public>6emeA_prof_2006.xml</Public>
    <Activite type="visualisation">Visualiser un profil</Activite>
    <Objectifs />
    <Commentaires />
  </metadonnees>
  <liste_eleves />
</Vue>

