<?xml version="1.0" encoding="UTF-8"?>
<!DOCTYPE structure SYSTEM "structure.dtd">

<structure id="127" nom="Preferences" createur="Prof" date_creation="02/05/2011" date_derniere_modif="02/05/2011" nom_eleve="" prenom_eleve="Florian">
  <brique id="1" type="0" nom="Types de graphes" indice="0">
    <infos_echelle>
      <echelle id="29" />
    </infos_echelle>
    <arbre_des_composantes niveaux="1" ponderation="faux">
      <composante nom="diagramme circulaire">
        <valeur id_echelle="29" num="0">
          <evaluation date="2011/05/21" source="auto-évaluation">pas du tout apprécié</evaluation>
        </valeur>
      </composante>
      <composante nom="diagramme d'aires">
        <valeur id_echelle="29" num="0">
          <evaluation date="2011/05/21" source="auto-évaluation">pas du tout apprécié</evaluation>
        </valeur>
      </composante>
      <composante nom="diagramme en barres ">
        <valeur id_echelle="29" num="0">
          <evaluation date="2011/05/21" source="auto-évaluation">peu apprécié</evaluation>
        </valeur>
      </composante>
      <composante nom="diagrammes en étoile">
        <valeur id_echelle="29" num="0">
          <evaluation date="2011/05/21" source="auto-évaluation">très apprécié</evaluation>
        </valeur>
      </composante>
      <composante nom="courbes(s)">
        <valeur id_echelle="29" num="0">
          <evaluation date="2011/05/21" source="auto-évaluation">apprécié</evaluation>
        </valeur>
      </composante>
    </arbre_des_composantes>
  </brique>
  <brique id="2" type="1" nom="Nombre de representations" nbquestions="1" indice="1">
    <arbre_des_composantes niveaux="1" cumul="vrai">
      <composante nom="Pour une valeur" nomabrege="pour une valeur">
        <valeur id_echelle="" num="0">
          <evaluation date="2011/05/21" source="auto-évaluation">2</evaluation>
        </valeur>
      </composante>
    </arbre_des_composantes>
  </brique>
  <brique id="3" type="0" nom="Types de représentations" indice="2">
    <infos_echelle>
      <echelle id="29" />
    </infos_echelle>
    <arbre_des_composantes niveaux="1" ponderation="faux">
      <composante nom="graphique">
        <valeur id_echelle="29" num="0">
          <evaluation date="2011/05/21" source="auto-évaluation">apprécié</evaluation>
        </valeur>
      </composante>
      <composante nom="symbolique">
        <valeur id_echelle="29" num="0">
          <evaluation date="2011/05/21" source="auto-évaluation">pas du tout apprécié</evaluation>
        </valeur>
      </composante>
      <composante nom="textuelle/numérique">
        <valeur id_echelle="29" num="0">
          <evaluation date="2011/05/21" source="auto-évaluation">apprécié</evaluation>
        </valeur>
      </composante>
    </arbre_des_composantes>
  </brique>
  <brique id="4" type="0" nom="Couleurs des graphes" indice="3">
    <infos_echelle>
      <echelle id="30" />
    </infos_echelle>
    <arbre_des_composantes niveaux="2" ponderation="faux">
      <composante nom="Eléments du graphe">
        <sous_composante nom="élément 1">
          <valeur id_echelle="30" num="0">
            <evaluation date="2011/05/21" source="auto-évaluation">javax.swing.plaf.ColorUIResource[r=255,g=255,b=255]</evaluation>
          </valeur>
        </sous_composante>
        <sous_composante nom="élément 2">
          <valeur id_echelle="30" num="0">
            <evaluation date="2011/05/21" source="auto-évaluation">javax.swing.plaf.ColorUIResource[r=255,g=255,b=255]</evaluation>
          </valeur>
        </sous_composante>
        <sous_composante nom="élément 3">
          <valeur id_echelle="30" num="0">
            <evaluation date="2011/05/21" source="auto-évaluation">javax.swing.plaf.ColorUIResource[r=255,g=255,b=255]</evaluation>
          </valeur>
        </sous_composante>
        <sous_composante nom="élément 4">
          <valeur id_echelle="30" num="0">
            <evaluation date="2011/05/21" source="auto-évaluation">javax.swing.plaf.ColorUIResource[r=255,g=255,b=255]</evaluation>
          </valeur>
        </sous_composante>
        <sous_composante nom="élément 5">
          <valeur id_echelle="30" num="0">
            <evaluation date="2011/05/21" source="auto-évaluation">javax.swing.plaf.ColorUIResource[r=255,g=255,b=255]</evaluation>
          </valeur>
        </sous_composante>
        <sous_composante nom="élément 6">
          <valeur id_echelle="30" num="0">
            <evaluation date="2011/05/21" source="auto-évaluation">javax.swing.plaf.ColorUIResource[r=255,g=255,b=255]</evaluation>
          </valeur>
        </sous_composante>
      </composante>
      <composante nom="Fond du graphe">
        <valeur id_echelle="30" num="0">
          <evaluation date="2011/05/21" source="auto-évaluation">javax.swing.plaf.ColorUIResource[r=255,g=255,b=255]</evaluation>
        </valeur>
      </composante>
      <composante nom="Arrière plan du graphe">
        <valeur id_echelle="30" num="0">
          <evaluation date="2011/05/21" source="auto-évaluation">javax.swing.plaf.ColorUIResource[r=255,g=255,b=255]</evaluation>
        </valeur>
      </composante>
    </arbre_des_composantes>
  </brique>
  <brique id="5" type="0" nom="Polices" indice="4">
    <infos_echelle>
      <echelle id="31" />
    </infos_echelle>
    <arbre_des_composantes niveaux="1" ponderation="faux">
      <composante nom="titre">
        <valeur id_echelle="31" num="0">
          <evaluation date="2011/05/21" source="auto-évaluation">javax.swing.plaf.FontUIResource[family=Dialog,name=Dialog,style=plain,size=12]</evaluation>
        </valeur>
      </composante>
      <composante nom="sous titre">
        <valeur id_echelle="31" num="0">
          <evaluation date="2011/05/21" source="auto-évaluation">javax.swing.plaf.FontUIResource[family=Dialog,name=Dialog,style=plain,size=12]</evaluation>
        </valeur>
      </composante>
      <composante nom="général">
        <valeur id_echelle="31" num="0">
          <evaluation date="2011/05/21" source="auto-évaluation">javax.swing.plaf.FontUIResource[family=Dialog,name=Dialog,style=plain,size=12]</evaluation>
        </valeur>
      </composante>
    </arbre_des_composantes>
  </brique>
</structure>

