<?xml version="1.0" encoding="UTF-8"?>
<!DOCTYPE structure SYSTEM "structure.dtd">

<structure id="126" nom="ProfilCapacites" createur="Prof" date_creation="02/05/2011" date_derniere_modif="02/05/2011" nom_eleve="" prenom_eleve="Vincent">
  <brique id="1" type="0" nom="Audition" indice="0">
    <infos_echelle>
      <echelle id="17" />
    </infos_echelle>
    <arbre_des_composantes niveaux="1" ponderation="faux">
      <composante nom="oreille droite">
        <valeur id_echelle="17" num="0">
          <evaluation date="2011/05/21" source="auto-évaluation">100</evaluation>
        </valeur>
      </composante>
      <composante nom="oreille gauche">
        <valeur id_echelle="17" num="0">
          <evaluation date="2011/05/21" source="auto-évaluation">100</evaluation>
        </valeur>
      </composante>
    </arbre_des_composantes>
  </brique>
  <brique id="2" type="0" nom="Vue" indice="1">
    <infos_echelle>
      <echelle id="1" />
    </infos_echelle>
    <arbre_des_composantes niveaux="1" ponderation="faux">
      <composante nom="oeil droit">
        <valeur id_echelle="1" num="0">
          <evaluation date="2011/05/21" source="auto-évaluation">10</evaluation>
        </valeur>
      </composante>
      <composante nom="oeil gauche">
        <valeur id_echelle="1" num="0">
          <evaluation date="2011/05/21" source="auto-évaluation">10</evaluation>
        </valeur>
      </composante>
    </arbre_des_composantes>
  </brique>
  <brique id="3" type="1" nom="Concentration" nbquestions="1" indice="2">
    <arbre_des_composantes niveaux="1" cumul="vrai">
      <composante nom="activite pédagogique (temps maximum)" nomabrege="activite pédagogique">
        <valeur id_echelle="" num="0" />
      </composante>
    </arbre_des_composantes>
  </brique>
  <brique id="4" type="0" nom="Daltonisme" indice="3">
    <infos_echelle>
      <echelle id="27" />
    </infos_echelle>
    <arbre_des_composantes niveaux="1" ponderation="faux">
      <composante nom="achromatie">
        <valeur id_echelle="27" num="0">
          <evaluation date="2011/05/21" source="auto-évaluation">Non</evaluation>
        </valeur>
      </composante>
      <composante nom="tritanopie">
        <valeur id_echelle="27" num="0">
          <evaluation date="2011/05/21" source="auto-évaluation">Non</evaluation>
        </valeur>
      </composante>
      <composante nom="deuteranopie">
        <valeur id_echelle="27" num="0">
          <evaluation date="2011/05/21" source="auto-évaluation">Non</evaluation>
        </valeur>
      </composante>
      <composante nom="protanopie">
        <valeur id_echelle="27" num="0">
          <evaluation date="2011/05/21" source="auto-évaluation">Non</evaluation>
        </valeur>
      </composante>
    </arbre_des_composantes>
  </brique>
  <brique id="5" type="3" nom="Commentaires" indice="4">
    <texte />
  </brique>
  <brique id="9" type="0" nom="Dys" indice="5">
    <infos_echelle>
      <echelle id="28" />
    </infos_echelle>
    <arbre_des_composantes niveaux="1" ponderation="faux">
      <composante nom="dyslexie">
        <valeur id_echelle="28" num="0">
          <evaluation date="2011/05/21" source="auto-évaluation">Non</evaluation>
        </valeur>
      </composante>
      <composante nom="dyscalculie">
        <valeur id_echelle="28" num="0">
          <evaluation date="2011/05/21" source="auto-évaluation">Non</evaluation>
        </valeur>
      </composante>
      <composante nom="dysphasie">
        <valeur id_echelle="28" num="0">
          <evaluation date="2011/05/21" source="auto-évaluation">Non</evaluation>
        </valeur>
      </composante>
      <composante nom="dysgraphie">
        <valeur id_echelle="28" num="0">
          <evaluation date="2011/05/21" source="auto-évaluation">Non</evaluation>
        </valeur>
      </composante>
      <composante nom="dyspraxie">
        <valeur id_echelle="28" num="0">
          <evaluation date="2011/05/21" source="auto-évaluation">Non</evaluation>
        </valeur>
      </composante>
    </arbre_des_composantes>
  </brique>
  <brique id="7" type="0" nom="Dispositif nécessaire" indice="6">
    <infos_echelle>
      <echelle id="27" />
    </infos_echelle>
    <arbre_des_composantes niveaux="1" ponderation="faux">
      <composante nom="clavier">
        <valeur id_echelle="27" num="0">
          <evaluation date="2011/05/21" source="auto-évaluation">Oui</evaluation>
        </valeur>
      </composante>
      <composante nom="souris">
        <valeur id_echelle="27" num="0">
          <evaluation date="2011/05/21" source="auto-évaluation">Oui</evaluation>
        </valeur>
      </composante>
      <composante nom="clavier braille">
        <valeur id_echelle="27" num="0">
          <evaluation date="2011/05/21" source="auto-évaluation">Non</evaluation>
        </valeur>
      </composante>
      <composante nom="dispositif de lecture">
        <valeur id_echelle="27" num="0">
          <evaluation date="2011/05/21" source="auto-évaluation">Non</evaluation>
        </valeur>
      </composante>
      <composante nom="clavier virtuel">
        <valeur id_echelle="27" num="0">
          <evaluation date="2011/05/21" source="auto-évaluation">Non</evaluation>
        </valeur>
      </composante>
    </arbre_des_composantes>
  </brique>
  <brique id="8" type="0" nom="Perception des graphiques" indice="7">
    <infos_echelle>
      <echelle id="27" />
    </infos_echelle>
    <arbre_des_composantes niveaux="1" ponderation="faux">
      <composante nom="diagramme en barres">
        <valeur id_echelle="27" num="0">
          <evaluation date="2011/05/21" source="auto-évaluation">Oui</evaluation>
        </valeur>
      </composante>
      <composante nom="diagramme circulaire">
        <valeur id_echelle="27" num="0">
          <evaluation date="2011/05/21" source="auto-évaluation">Non</evaluation>
        </valeur>
      </composante>
      <composante nom="diagramme en étoile">
        <valeur id_echelle="27" num="0">
          <evaluation date="2011/05/21" source="auto-évaluation">Oui</evaluation>
        </valeur>
      </composante>
      <composante nom="courbe(s)">
        <valeur id_echelle="27" num="0">
          <evaluation date="2011/05/21" source="auto-évaluation">Oui</evaluation>
        </valeur>
      </composante>
    </arbre_des_composantes>
  </brique>
</structure>

