<?xml version="1.0" encoding="UTF-8"?>
<Seance>
  <liste_activites>
    <visuProfil vue="Spiral-Apprenant-5_VUE135.xml" />
  </liste_activites>
  <liste_conditions />
  <liste_regles />
  <metadonnees>
    <Id>Seance43</Id>
    <Nom>Spiral-Enseignant-5</Nom>
    <Date_creation>16/05/2011</Date_creation>
    <Date_modif>16/05/2011</Date_modif>
    <Createur>Prof</Createur>
    <Satut>public</Satut>
    <Strucutre_profil_associee>Spiral.str</Strucutre_profil_associee>
    <Public />
    <Utilisateur>enseignant</Utilisateur>
    <Objectifs />
    <Commentaires />
  </metadonnees>
</Seance>

