<?xml version="1.0" encoding="UTF-8"?>
<Seance>
  <liste_activites>
    <evoProfil vue="Spiral-Enseignant-20_VUE134.xml" />
  </liste_activites>
  <liste_conditions />
  <liste_regles />
  <metadonnees>
    <Id>Seance41</Id>
    <Nom>Spiral-Enseignant-20</Nom>
    <Date_creation>16/05/2011</Date_creation>
    <Date_modif>16/05/2011</Date_modif>
    <Createur>Prof</Createur>
    <Satut>public</Satut>
    <Strucutre_profil_associee>Spiral.str</Strucutre_profil_associee>
    <Public>M1-Projet_prof_2011.xml</Public>
    <Utilisateur>enseignant</Utilisateur>
    <Objectifs />
    <Commentaires />
  </metadonnees>
</Seance>

